Tue Mar 10 12:00:00 CET 2015,0xc35c9_10-03-15 12:xx - 10-03-15 13:26,1,,2,,3,,4,,5
Tue Mar 10 13:00:00 CET 2015,0xc35c9_10-03-15 12:xx - 10-03-15 13:26,1,0xc35c9_10-03-15 13:xx - 12-03-15 7:38_parking,2,,3,,4,,5
Thu Mar 12 07:00:00 CET 2015,0xc35c9_12-03-15 7:xx - 23-03-15 0:42,1,0xc35c9_10-03-15 13:xx - 12-03-15 7:38_parking,2,,3,,4,,5
Thu Mar 12 08:00:00 CET 2015,0xc35c9_12-03-15 7:xx - 23-03-15 0:42,1,,2,,3,,4,,5
Wed Mar 18 08:00:00 CET 2015,0xc35c9_12-03-15 7:xx - 23-03-15 0:42,1,,2,,3,,4,,5
Wed Mar 18 09:00:00 CET 2015,0xc35c9_12-03-15 7:xx - 23-03-15 0:42,1,,2,,3,,4,,5
Sun Mar 22 06:00:00 CET 2015,0xc35c9_12-03-15 7:xx - 23-03-15 0:42,1,,2,,3,,4,,5
Sat Mar 21 23:00:00 CET 2015,0xc35c9_12-03-15 7:xx - 23-03-15 0:42,1,,2,,3,,4,,5
Fri Mar 20 10:00:00 CET 2015,0xc35c9_12-03-15 7:xx - 23-03-15 0:42,1,,2,,3,,4,,5
Sat Mar 21 19:00:00 CET 2015,0xc35c9_12-03-15 7:xx - 23-03-15 0:42,1,,2,,3,,4,,5
Wed Mar 18 10:00:00 CET 2015,0xc35c9_12-03-15 7:xx - 23-03-15 0:42,1,,2,,3,,4,,5
Wed Mar 18 11:00:00 CET 2015,0xc35c9_12-03-15 7:xx - 23-03-15 0:42,1,,2,,3,,4,,5
Thu Mar 19 23:00:00 CET 2015,0xc35c9_12-03-15 7:xx - 23-03-15 0:42,1,,2,,3,,4,,5
Fri Mar 20 22:00:00 CET 2015,0xc35c9_12-03-15 7:xx - 23-03-15 0:42,1,,2,,3,,4,,5
Sun Mar 22 18:00:00 CET 2015,0xc35c9_12-03-15 7:xx - 23-03-15 0:42,1,,2,,3,,4,,5
Sun Mar 22 22:00:00 CET 2015,0xc35c9_12-03-15 7:xx - 23-03-15 0:42,1,,2,,3,,4,,5
Sun Mar 22 08:00:00 CET 2015,0xc35c9_12-03-15 7:xx - 23-03-15 0:42,1,,2,,3,,4,,5
Sun Mar 22 23:00:00 CET 2015,0xc35c9_12-03-15 7:xx - 23-03-15 0:42,1,,2,,3,,4,,5
Tue Mar 31 08:00:00 CEST 2015,0xc35c9_23-03-15 0:xx - 06-04-15 8:01,1,,2,,3,,4,,5
Mon Mar 23 00:00:00 CET 2015,0xc35c9_12-03-15 7:xx - 23-03-15 0:42,1,0xc35c9_23-03-15 0:xx - 06-04-15 8:01,2,,3,,4,,5
Tue Mar 31 17:00:00 CEST 2015,0xc35c9_23-03-15 0:xx - 06-04-15 8:01,1,,2,,3,,4,,5
Tue Mar 31 18:00:00 CEST 2015,0xc35c9_23-03-15 0:xx - 06-04-15 8:01,1,,2,,3,,4,,5
Tue Mar 24 11:00:00 CET 2015,0xc35c9_23-03-15 0:xx - 06-04-15 8:01,1,,2,,3,,4,,5
Wed Mar 25 17:00:00 CET 2015,0xc35c9_23-03-15 0:xx - 06-04-15 8:01,1,,2,,3,,4,,5
Sat Mar 28 14:00:00 CET 2015,0xc35c9_23-03-15 0:xx - 06-04-15 8:01,1,,2,,3,,4,,5
Tue Mar 31 07:00:00 CEST 2015,0xc35c9_23-03-15 0:xx - 06-04-15 8:01,1,,2,,3,,4,,5
Tue Mar 31 16:00:00 CEST 2015,0xc35c9_23-03-15 0:xx - 06-04-15 8:01,1,,2,,3,,4,,5
Fri Apr 03 16:00:00 CEST 2015,0xc35c9_23-03-15 0:xx - 06-04-15 8:01,1,,2,,3,,4,,5
Fri Apr 03 17:00:00 CEST 2015,0xc35c9_23-03-15 0:xx - 06-04-15 8:01,1,,2,,3,,4,,5
Fri Apr 03 18:00:00 CEST 2015,0xc35c9_23-03-15 0:xx - 06-04-15 8:01,1,,2,,3,,4,,5
Fri Apr 03 19:00:00 CEST 2015,0xc35c9_23-03-15 0:xx - 06-04-15 8:01,1,,2,,3,,4,,5
Sat Apr 04 23:00:00 CEST 2015,0xc35c9_23-03-15 0:xx - 06-04-15 8:01,1,,2,,3,,4,,5
Sun Apr 05 00:00:00 CEST 2015,0xc35c9_23-03-15 0:xx - 06-04-15 8:01,1,,2,,3,,4,,5
Sat Apr 04 22:00:00 CEST 2015,0xc35c9_23-03-15 0:xx - 06-04-15 8:01,1,,2,,3,,4,,5
Sun Apr 05 01:00:00 CEST 2015,0xc35c9_23-03-15 0:xx - 06-04-15 8:01,1,,2,,3,,4,,5
Sun Apr 05 23:00:00 CEST 2015,0xc35c9_23-03-15 0:xx - 06-04-15 8:01,1,,2,,3,,4,,5
Sun Apr 05 02:00:00 CEST 2015,0xc35c9_23-03-15 0:xx - 06-04-15 8:01,1,,2,,3,,4,,5
Mon Apr 06 04:00:00 CEST 2015,0xc35c9_23-03-15 0:xx - 06-04-15 8:01,1,,2,,3,,4,,5
Mon Apr 06 05:00:00 CEST 2015,0xc35c9_23-03-15 0:xx - 06-04-15 8:01,1,,2,,3,,4,,5
Mon Apr 06 06:00:00 CEST 2015,0xc35c9_23-03-15 0:xx - 06-04-15 8:01,1,,2,,3,,4,,5
Mon Apr 06 07:00:00 CEST 2015,0xc35c9_23-03-15 0:xx - 06-04-15 8:01,1,,2,,3,,4,,5
Thu Apr 09 18:00:00 CEST 2015,0xc35c9_06-04-15 8:xx - 13-04-15 21:51,1,,2,,3,,4,,5
Mon Apr 06 08:00:00 CEST 2015,0xc35c9_23-03-15 0:xx - 06-04-15 8:01,1,0xc35c9_06-04-15 8:xx - 13-04-15 21:51,2,,3,,4,,5
Tue Apr 07 02:00:00 CEST 2015,0xc35c9_06-04-15 8:xx - 13-04-15 21:51,1,,2,,3,,4,,5
Thu Apr 09 17:00:00 CEST 2015,0xc35c9_06-04-15 8:xx - 13-04-15 21:51,1,,2,,3,,4,,5
Sun Apr 12 17:00:00 CEST 2015,0xc35c9_06-04-15 8:xx - 13-04-15 21:51,1,,2,,3,,4,,5
Sun Apr 12 19:00:00 CEST 2015,0xc35c9_06-04-15 8:xx - 13-04-15 21:51,1,,2,,3,,4,,5
Thu Apr 09 20:00:00 CEST 2015,0xc35c9_06-04-15 8:xx - 13-04-15 21:51,1,,2,,3,,4,,5
Thu Apr 09 19:00:00 CEST 2015,0xc35c9_06-04-15 8:xx - 13-04-15 21:51,1,,2,,3,,4,,5
Sun Apr 12 18:00:00 CEST 2015,0xc35c9_06-04-15 8:xx - 13-04-15 21:51,1,,2,,3,,4,,5
Mon Apr 13 08:00:00 CEST 2015,0xc35c9_06-04-15 8:xx - 13-04-15 21:51,1,,2,,3,,4,,5
Mon Apr 13 18:00:00 CEST 2015,0xc35c9_06-04-15 8:xx - 13-04-15 21:51,1,,2,,3,,4,,5
Mon Apr 13 00:00:00 CEST 2015,0xc35c9_06-04-15 8:xx - 13-04-15 21:51,1,,2,,3,,4,,5
Mon Apr 13 01:00:00 CEST 2015,0xc35c9_06-04-15 8:xx - 13-04-15 21:51,1,,2,,3,,4,,5
Sun Apr 12 21:00:00 CEST 2015,0xc35c9_06-04-15 8:xx - 13-04-15 21:51,1,,2,,3,,4,,5
Sun Apr 12 20:00:00 CEST 2015,0xc35c9_06-04-15 8:xx - 13-04-15 21:51,1,,2,,3,,4,,5
Sun Apr 12 23:00:00 CEST 2015,0xc35c9_06-04-15 8:xx - 13-04-15 21:51,1,,2,,3,,4,,5
Mon Apr 13 19:00:00 CEST 2015,0xc35c9_06-04-15 8:xx - 13-04-15 21:51,1,,2,,3,,4,,5
Mon Apr 13 20:00:00 CEST 2015,0xc35c9_06-04-15 8:xx - 13-04-15 21:51,1,,2,,3,,4,,5
Tue Apr 14 04:00:00 CEST 2015,0xc35c9_13-04-15 21:xx - 21-04-15 22:54,1,,2,,3,,4,,5
Mon Apr 13 23:00:00 CEST 2015,0xc35c9_13-04-15 21:xx - 21-04-15 22:54,1,,2,,3,,4,,5
Tue Apr 14 02:00:00 CEST 2015,0xc35c9_13-04-15 21:xx - 21-04-15 22:54,1,,2,,3,,4,,5
Mon Apr 13 22:00:00 CEST 2015,0xc35c9_13-04-15 21:xx - 21-04-15 22:54,1,,2,,3,,4,,5
Mon Apr 13 21:00:00 CEST 2015,0xc35c9_06-04-15 8:xx - 13-04-15 21:51,1,0xc35c9_13-04-15 21:xx - 21-04-15 22:54,2,,3,,4,,5
Tue Apr 14 00:00:00 CEST 2015,0xc35c9_13-04-15 21:xx - 21-04-15 22:54,1,,2,,3,,4,,5
Tue Apr 14 03:00:00 CEST 2015,0xc35c9_13-04-15 21:xx - 21-04-15 22:54,1,,2,,3,,4,,5
Tue Apr 14 12:00:00 CEST 2015,0xc35c9_13-04-15 21:xx - 21-04-15 22:54,1,,2,,3,,4,,5
Tue Apr 14 01:00:00 CEST 2015,0xc35c9_13-04-15 21:xx - 21-04-15 22:54,1,,2,,3,,4,,5
Fri Apr 17 16:00:00 CEST 2015,0xc35c9_13-04-15 21:xx - 21-04-15 22:54,1,,2,,3,,4,,5
Fri Apr 17 17:00:00 CEST 2015,0xc35c9_13-04-15 21:xx - 21-04-15 22:54,1,,2,,3,,4,,5
Fri Apr 17 18:00:00 CEST 2015,0xc35c9_13-04-15 21:xx - 21-04-15 22:54,1,,2,,3,,4,,5
Fri Apr 17 19:00:00 CEST 2015,0xc35c9_13-04-15 21:xx - 21-04-15 22:54,1,,2,,3,,4,,5
Fri Apr 17 20:00:00 CEST 2015,0xc35c9_13-04-15 21:xx - 21-04-15 22:54,1,,2,,3,,4,,5
Fri Apr 17 22:00:00 CEST 2015,0xc35c9_13-04-15 21:xx - 21-04-15 22:54,1,,2,,3,,4,,5
Fri Apr 17 21:00:00 CEST 2015,0xc35c9_13-04-15 21:xx - 21-04-15 22:54,1,,2,,3,,4,,5
Fri Apr 17 23:00:00 CEST 2015,0xc35c9_13-04-15 21:xx - 21-04-15 22:54,1,,2,,3,,4,,5
Sat Apr 18 01:00:00 CEST 2015,0xc35c9_13-04-15 21:xx - 21-04-15 22:54,1,,2,,3,,4,,5
Sat Apr 18 00:00:00 CEST 2015,0xc35c9_13-04-15 21:xx - 21-04-15 22:54,1,,2,,3,,4,,5
Sat Apr 18 02:00:00 CEST 2015,0xc35c9_13-04-15 21:xx - 21-04-15 22:54,1,,2,,3,,4,,5
Sat Apr 18 03:00:00 CEST 2015,0xc35c9_13-04-15 21:xx - 21-04-15 22:54,1,,2,,3,,4,,5
Sat Apr 18 06:00:00 CEST 2015,0xc35c9_13-04-15 21:xx - 21-04-15 22:54,1,,2,,3,,4,,5
Sat Apr 18 05:00:00 CEST 2015,0xc35c9_13-04-15 21:xx - 21-04-15 22:54,1,,2,,3,,4,,5
Sat Apr 18 08:00:00 CEST 2015,0xc35c9_13-04-15 21:xx - 21-04-15 22:54,1,,2,,3,,4,,5
Sat Apr 18 07:00:00 CEST 2015,0xc35c9_13-04-15 21:xx - 21-04-15 22:54,1,,2,,3,,4,,5
Sat Apr 18 09:00:00 CEST 2015,0xc35c9_13-04-15 21:xx - 21-04-15 22:54,1,,2,,3,,4,,5
Sat Apr 18 10:00:00 CEST 2015,0xc35c9_13-04-15 21:xx - 21-04-15 22:54,1,,2,,3,,4,,5
Sat Apr 18 11:00:00 CEST 2015,0xc35c9_13-04-15 21:xx - 21-04-15 22:54,1,,2,,3,,4,,5
Sat Apr 18 12:00:00 CEST 2015,0xc35c9_13-04-15 21:xx - 21-04-15 22:54,1,,2,,3,,4,,5
Sat Apr 18 13:00:00 CEST 2015,0xc35c9_13-04-15 21:xx - 21-04-15 22:54,1,,2,,3,,4,,5
Sat Apr 18 14:00:00 CEST 2015,0xc35c9_13-04-15 21:xx - 21-04-15 22:54,1,,2,,3,,4,,5
Sat Apr 18 16:00:00 CEST 2015,0xc35c9_13-04-15 21:xx - 21-04-15 22:54,1,,2,,3,,4,,5
Sat Apr 18 15:00:00 CEST 2015,0xc35c9_13-04-15 21:xx - 21-04-15 22:54,1,,2,,3,,4,,5
Sat Apr 18 17:00:00 CEST 2015,0xc35c9_13-04-15 21:xx - 21-04-15 22:54,1,,2,,3,,4,,5
Sat Apr 18 22:00:00 CEST 2015,0xc35c9_13-04-15 21:xx - 21-04-15 22:54,1,,2,,3,,4,,5
Sat Apr 18 19:00:00 CEST 2015,0xc35c9_13-04-15 21:xx - 21-04-15 22:54,1,,2,,3,,4,,5
Sat Apr 18 21:00:00 CEST 2015,0xc35c9_13-04-15 21:xx - 21-04-15 22:54,1,,2,,3,,4,,5
Sat Apr 18 18:00:00 CEST 2015,0xc35c9_13-04-15 21:xx - 21-04-15 22:54,1,,2,,3,,4,,5
Sat Apr 18 20:00:00 CEST 2015,0xc35c9_13-04-15 21:xx - 21-04-15 22:54,1,,2,,3,,4,,5
Sun Apr 19 03:00:00 CEST 2015,0xc35c9_13-04-15 21:xx - 21-04-15 22:54,1,,2,,3,,4,,5
Sun Apr 19 07:00:00 CEST 2015,0xc35c9_13-04-15 21:xx - 21-04-15 22:54,1,,2,,3,,4,,5
Sun Apr 19 06:00:00 CEST 2015,0xc35c9_13-04-15 21:xx - 21-04-15 22:54,1,,2,,3,,4,,5
Sun Apr 19 00:00:00 CEST 2015,0xc35c9_13-04-15 21:xx - 21-04-15 22:54,1,,2,,3,,4,,5
Sun Apr 19 02:00:00 CEST 2015,0xc35c9_13-04-15 21:xx - 21-04-15 22:54,1,,2,,3,,4,,5
Sat Apr 18 23:00:00 CEST 2015,0xc35c9_13-04-15 21:xx - 21-04-15 22:54,1,,2,,3,,4,,5
Sun Apr 19 01:00:00 CEST 2015,0xc35c9_13-04-15 21:xx - 21-04-15 22:54,1,,2,,3,,4,,5
Sun Apr 19 23:00:00 CEST 2015,0xc35c9_13-04-15 21:xx - 21-04-15 22:54,1,,2,,3,,4,,5
Sun Apr 19 08:00:00 CEST 2015,0xc35c9_13-04-15 21:xx - 21-04-15 22:54,1,,2,,3,,4,,5
Sun Apr 19 15:00:00 CEST 2015,0xc35c9_13-04-15 21:xx - 21-04-15 22:54,1,,2,,3,,4,,5
Sun Apr 19 09:00:00 CEST 2015,0xc35c9_13-04-15 21:xx - 21-04-15 22:54,1,,2,,3,,4,,5
Sun Apr 19 10:00:00 CEST 2015,0xc35c9_13-04-15 21:xx - 21-04-15 22:54,1,,2,,3,,4,,5
Sun Apr 19 21:00:00 CEST 2015,0xc35c9_13-04-15 21:xx - 21-04-15 22:54,1,,2,,3,,4,,5
Sun Apr 19 13:00:00 CEST 2015,0xc35c9_13-04-15 21:xx - 21-04-15 22:54,1,,2,,3,,4,,5
Sun Apr 19 11:00:00 CEST 2015,0xc35c9_13-04-15 21:xx - 21-04-15 22:54,1,,2,,3,,4,,5
Tue Apr 21 20:00:00 CEST 2015,0xc35c9_13-04-15 21:xx - 21-04-15 22:54,1,,2,,3,,4,,5
Tue Apr 21 21:00:00 CEST 2015,0xc35c9_13-04-15 21:xx - 21-04-15 22:54,1,,2,,3,,4,,5
Thu Apr 23 16:00:00 CEST 2015,0xc35c9_21-04-15 22:xx - 27-04-15 10:35,1,,2,,3,,4,,5
Tue Apr 21 23:00:00 CEST 2015,0xc35c9_21-04-15 22:xx - 27-04-15 10:35,1,,2,,3,,4,,5
Wed Apr 22 02:00:00 CEST 2015,0xc35c9_21-04-15 22:xx - 27-04-15 10:35,1,,2,,3,,4,,5
Wed Apr 22 01:00:00 CEST 2015,0xc35c9_21-04-15 22:xx - 27-04-15 10:35,1,,2,,3,,4,,5
Wed Apr 22 00:00:00 CEST 2015,0xc35c9_21-04-15 22:xx - 27-04-15 10:35,1,,2,,3,,4,,5
Tue Apr 21 22:00:00 CEST 2015,0xc35c9_13-04-15 21:xx - 21-04-15 22:54,1,0xc35c9_21-04-15 22:xx - 27-04-15 10:35,2,,3,,4,,5
Thu Apr 23 17:00:00 CEST 2015,0xc35c9_21-04-15 22:xx - 27-04-15 10:35,1,,2,,3,,4,,5
Thu Apr 23 19:00:00 CEST 2015,0xc35c9_21-04-15 22:xx - 27-04-15 10:35,1,,2,,3,,4,,5
Thu Apr 23 18:00:00 CEST 2015,0xc35c9_21-04-15 22:xx - 27-04-15 10:35,1,,2,,3,,4,,5
Thu Apr 23 20:00:00 CEST 2015,0xc35c9_21-04-15 22:xx - 27-04-15 10:35,1,,2,,3,,4,,5
Fri Apr 24 05:00:00 CEST 2015,0xc35c9_21-04-15 22:xx - 27-04-15 10:35,1,,2,,3,,4,,5
Fri Apr 24 04:00:00 CEST 2015,0xc35c9_21-04-15 22:xx - 27-04-15 10:35,1,,2,,3,,4,,5
Sun Apr 26 11:00:00 CEST 2015,0xc35c9_21-04-15 22:xx - 27-04-15 10:35,1,,2,,3,,4,,5
Fri Apr 24 07:00:00 CEST 2015,0xc35c9_21-04-15 22:xx - 27-04-15 10:35,1,,2,,3,,4,,5
Fri Apr 24 06:00:00 CEST 2015,0xc35c9_21-04-15 22:xx - 27-04-15 10:35,1,,2,,3,,4,,5
Sun Apr 26 05:00:00 CEST 2015,0xc35c9_21-04-15 22:xx - 27-04-15 10:35,1,,2,,3,,4,,5
Sun Apr 26 04:00:00 CEST 2015,0xc35c9_21-04-15 22:xx - 27-04-15 10:35,1,,2,,3,,4,,5
Mon Apr 27 07:00:00 CEST 2015,0xc35c9_21-04-15 22:xx - 27-04-15 10:35,1,,2,,3,,4,,5
Mon Apr 27 08:00:00 CEST 2015,0xc35c9_21-04-15 22:xx - 27-04-15 10:35,1,,2,,3,,4,,5
Mon Apr 27 09:00:00 CEST 2015,0xc35c9_21-04-15 22:xx - 27-04-15 10:35,1,,2,,3,,4,,5
Thu Apr 30 12:00:00 CEST 2015,0xc35c9_27-04-15 10:xx - 05-05-15 20:41,1,,2,,3,,4,,5
Mon Apr 27 10:00:00 CEST 2015,0xc35c9_21-04-15 22:xx - 27-04-15 10:35,1,0xc35c9_27-04-15 10:xx - 05-05-15 20:41,2,,3,,4,,5
Fri May 01 08:00:00 CEST 2015,0xc35c9_27-04-15 10:xx - 05-05-15 20:41,1,,2,,3,,4,,5
Mon Apr 27 20:00:00 CEST 2015,0xc35c9_27-04-15 10:xx - 05-05-15 20:41,1,,2,,3,,4,,5
Mon Apr 27 11:00:00 CEST 2015,0xc35c9_27-04-15 10:xx - 05-05-15 20:41,1,,2,,3,,4,,5
Tue Apr 28 02:00:00 CEST 2015,0xc35c9_27-04-15 10:xx - 05-05-15 20:41,1,,2,,3,,4,,5
Fri May 01 09:00:00 CEST 2015,0xc35c9_27-04-15 10:xx - 05-05-15 20:41,1,,2,,3,,4,,5
Fri May 01 10:00:00 CEST 2015,0xc35c9_27-04-15 10:xx - 05-05-15 20:41,1,,2,,3,,4,,5
Fri May 01 11:00:00 CEST 2015,0xc35c9_27-04-15 10:xx - 05-05-15 20:41,1,,2,,3,,4,,5
Fri May 01 12:00:00 CEST 2015,0xc35c9_27-04-15 10:xx - 05-05-15 20:41,1,,2,,3,,4,,5
Fri May 01 13:00:00 CEST 2015,0xc35c9_27-04-15 10:xx - 05-05-15 20:41,1,,2,,3,,4,,5
Fri May 01 14:00:00 CEST 2015,0xc35c9_27-04-15 10:xx - 05-05-15 20:41,1,,2,,3,,4,,5
Fri May 01 15:00:00 CEST 2015,0xc35c9_27-04-15 10:xx - 05-05-15 20:41,1,,2,,3,,4,,5
Fri May 01 17:00:00 CEST 2015,0xc35c9_27-04-15 10:xx - 05-05-15 20:41,1,,2,,3,,4,,5
Fri May 01 19:00:00 CEST 2015,0xc35c9_27-04-15 10:xx - 05-05-15 20:41,1,,2,,3,,4,,5
Fri May 01 18:00:00 CEST 2015,0xc35c9_27-04-15 10:xx - 05-05-15 20:41,1,,2,,3,,4,,5
Fri May 01 20:00:00 CEST 2015,0xc35c9_27-04-15 10:xx - 05-05-15 20:41,1,,2,,3,,4,,5
Fri May 01 23:00:00 CEST 2015,0xc35c9_27-04-15 10:xx - 05-05-15 20:41,1,,2,,3,,4,,5
Sat May 02 00:00:00 CEST 2015,0xc35c9_27-04-15 10:xx - 05-05-15 20:41,1,,2,,3,,4,,5
Fri May 01 22:00:00 CEST 2015,0xc35c9_27-04-15 10:xx - 05-05-15 20:41,1,,2,,3,,4,,5
Sat May 02 04:00:00 CEST 2015,0xc35c9_27-04-15 10:xx - 05-05-15 20:41,1,,2,,3,,4,,5
Sat May 02 02:00:00 CEST 2015,0xc35c9_27-04-15 10:xx - 05-05-15 20:41,1,,2,,3,,4,,5
Sat May 02 03:00:00 CEST 2015,0xc35c9_27-04-15 10:xx - 05-05-15 20:41,1,,2,,3,,4,,5
Sat May 02 05:00:00 CEST 2015,0xc35c9_27-04-15 10:xx - 05-05-15 20:41,1,,2,,3,,4,,5
Sat May 02 11:00:00 CEST 2015,0xc35c9_27-04-15 10:xx - 05-05-15 20:41,1,,2,,3,,4,,5
Sat May 02 06:00:00 CEST 2015,0xc35c9_27-04-15 10:xx - 05-05-15 20:41,1,,2,,3,,4,,5
Sun May 03 00:00:00 CEST 2015,0xc35c9_27-04-15 10:xx - 05-05-15 20:41,1,,2,,3,,4,,5
Sun May 03 14:00:00 CEST 2015,0xc35c9_27-04-15 10:xx - 05-05-15 20:41,1,,2,,3,,4,,5
Sun May 03 15:00:00 CEST 2015,0xc35c9_27-04-15 10:xx - 05-05-15 20:41,1,,2,,3,,4,,5
Sat May 02 21:00:00 CEST 2015,0xc35c9_27-04-15 10:xx - 05-05-15 20:41,1,,2,,3,,4,,5
Sat May 02 23:00:00 CEST 2015,0xc35c9_27-04-15 10:xx - 05-05-15 20:41,1,,2,,3,,4,,5
Sat May 02 22:00:00 CEST 2015,0xc35c9_27-04-15 10:xx - 05-05-15 20:41,1,,2,,3,,4,,5
Sun May 03 21:00:00 CEST 2015,0xc35c9_27-04-15 10:xx - 05-05-15 20:41,1,,2,,3,,4,,5
Sun May 03 17:00:00 CEST 2015,0xc35c9_27-04-15 10:xx - 05-05-15 20:41,1,,2,,3,,4,,5
Sun May 03 18:00:00 CEST 2015,0xc35c9_27-04-15 10:xx - 05-05-15 20:41,1,,2,,3,,4,,5
Sun May 03 20:00:00 CEST 2015,0xc35c9_27-04-15 10:xx - 05-05-15 20:41,1,,2,,3,,4,,5
Sun May 03 19:00:00 CEST 2015,0xc35c9_27-04-15 10:xx - 05-05-15 20:41,1,,2,,3,,4,,5
Sun May 03 16:00:00 CEST 2015,0xc35c9_27-04-15 10:xx - 05-05-15 20:41,1,,2,,3,,4,,5
Sun May 03 23:00:00 CEST 2015,0xc35c9_27-04-15 10:xx - 05-05-15 20:41,1,,2,,3,,4,,5
Sun May 03 22:00:00 CEST 2015,0xc35c9_27-04-15 10:xx - 05-05-15 20:41,1,,2,,3,,4,,5
Mon May 04 00:00:00 CEST 2015,0xc35c9_27-04-15 10:xx - 05-05-15 20:41,1,,2,,3,,4,,5
Mon May 04 01:00:00 CEST 2015,0xc35c9_27-04-15 10:xx - 05-05-15 20:41,1,,2,,3,,4,,5
Mon May 04 02:00:00 CEST 2015,0xc35c9_27-04-15 10:xx - 05-05-15 20:41,1,,2,,3,,4,,5
Mon May 04 04:00:00 CEST 2015,0xc35c9_27-04-15 10:xx - 05-05-15 20:41,1,,2,,3,,4,,5
Mon May 04 03:00:00 CEST 2015,0xc35c9_27-04-15 10:xx - 05-05-15 20:41,1,,2,,3,,4,,5
Mon May 04 11:00:00 CEST 2015,0xc35c9_27-04-15 10:xx - 05-05-15 20:41,1,,2,,3,,4,,5
Mon May 04 08:00:00 CEST 2015,0xc35c9_27-04-15 10:xx - 05-05-15 20:41,1,,2,,3,,4,,5
Mon May 04 05:00:00 CEST 2015,0xc35c9_27-04-15 10:xx - 05-05-15 20:41,1,,2,,3,,4,,5
Mon May 04 10:00:00 CEST 2015,0xc35c9_27-04-15 10:xx - 05-05-15 20:41,1,,2,,3,,4,,5
Mon May 04 07:00:00 CEST 2015,0xc35c9_27-04-15 10:xx - 05-05-15 20:41,1,,2,,3,,4,,5
Mon May 04 06:00:00 CEST 2015,0xc35c9_27-04-15 10:xx - 05-05-15 20:41,1,,2,,3,,4,,5
Mon May 04 15:00:00 CEST 2015,0xc35c9_27-04-15 10:xx - 05-05-15 20:41,1,,2,,3,,4,,5
Mon May 04 14:00:00 CEST 2015,0xc35c9_27-04-15 10:xx - 05-05-15 20:41,1,,2,,3,,4,,5
Mon May 04 13:00:00 CEST 2015,0xc35c9_27-04-15 10:xx - 05-05-15 20:41,1,,2,,3,,4,,5
Mon May 04 18:00:00 CEST 2015,0xc35c9_27-04-15 10:xx - 05-05-15 20:41,1,,2,,3,,4,,5
Mon May 04 16:00:00 CEST 2015,0xc35c9_27-04-15 10:xx - 05-05-15 20:41,1,,2,,3,,4,,5
Mon May 04 17:00:00 CEST 2015,0xc35c9_27-04-15 10:xx - 05-05-15 20:41,1,,2,,3,,4,,5
Mon May 04 19:00:00 CEST 2015,0xc35c9_27-04-15 10:xx - 05-05-15 20:41,1,,2,,3,,4,,5
Mon May 04 20:00:00 CEST 2015,0xc35c9_27-04-15 10:xx - 05-05-15 20:41,1,,2,,3,,4,,5
Mon May 04 21:00:00 CEST 2015,0xc35c9_27-04-15 10:xx - 05-05-15 20:41,1,,2,,3,,4,,5
Mon May 04 22:00:00 CEST 2015,0xc35c9_27-04-15 10:xx - 05-05-15 20:41,1,,2,,3,,4,,5
Tue May 05 00:00:00 CEST 2015,0xc35c9_27-04-15 10:xx - 05-05-15 20:41,1,,2,,3,,4,,5
Mon May 04 23:00:00 CEST 2015,0xc35c9_27-04-15 10:xx - 05-05-15 20:41,1,,2,,3,,4,,5
Tue May 05 01:00:00 CEST 2015,0xc35c9_27-04-15 10:xx - 05-05-15 20:41,1,,2,,3,,4,,5
Tue May 05 02:00:00 CEST 2015,0xc35c9_27-04-15 10:xx - 05-05-15 20:41,1,,2,,3,,4,,5
Tue May 05 03:00:00 CEST 2015,0xc35c9_27-04-15 10:xx - 05-05-15 20:41,1,,2,,3,,4,,5
Tue May 05 06:00:00 CEST 2015,0xc35c9_27-04-15 10:xx - 05-05-15 20:41,1,,2,,3,,4,,5
Tue May 05 05:00:00 CEST 2015,0xc35c9_27-04-15 10:xx - 05-05-15 20:41,1,,2,,3,,4,,5
Tue May 05 04:00:00 CEST 2015,0xc35c9_27-04-15 10:xx - 05-05-15 20:41,1,,2,,3,,4,,5
Tue May 05 07:00:00 CEST 2015,0xc35c9_27-04-15 10:xx - 05-05-15 20:41,1,,2,,3,,4,,5
Tue May 05 09:00:00 CEST 2015,0xc35c9_27-04-15 10:xx - 05-05-15 20:41,1,,2,,3,,4,,5
Tue May 05 11:00:00 CEST 2015,0xc35c9_27-04-15 10:xx - 05-05-15 20:41,1,,2,,3,,4,,5
Tue May 05 10:00:00 CEST 2015,0xc35c9_27-04-15 10:xx - 05-05-15 20:41,1,,2,,3,,4,,5
Tue May 05 08:00:00 CEST 2015,0xc35c9_27-04-15 10:xx - 05-05-15 20:41,1,,2,,3,,4,,5
Tue May 05 12:00:00 CEST 2015,0xc35c9_27-04-15 10:xx - 05-05-15 20:41,1,,2,,3,,4,,5
Tue May 05 13:00:00 CEST 2015,0xc35c9_27-04-15 10:xx - 05-05-15 20:41,1,,2,,3,,4,,5
Tue May 05 14:00:00 CEST 2015,0xc35c9_27-04-15 10:xx - 05-05-15 20:41,1,,2,,3,,4,,5
Tue May 05 15:00:00 CEST 2015,0xc35c9_27-04-15 10:xx - 05-05-15 20:41,1,,2,,3,,4,,5
Tue May 05 16:00:00 CEST 2015,0xc35c9_27-04-15 10:xx - 05-05-15 20:41,1,,2,,3,,4,,5
Tue May 05 17:00:00 CEST 2015,0xc35c9_27-04-15 10:xx - 05-05-15 20:41,1,,2,,3,,4,,5
Tue May 05 18:00:00 CEST 2015,0xc35c9_27-04-15 10:xx - 05-05-15 20:41,1,,2,,3,,4,,5
Tue May 05 19:00:00 CEST 2015,0xc35c9_27-04-15 10:xx - 05-05-15 20:41,1,,2,,3,,4,,5
